source_id,relation,target_id,source_reference
C001,treated_by,TRT001,Cara Mengatasi Anxiety: 8 Cara Ini Boleh Bantu Anda Tenangkan Diri!
C001,treated_by,TRT002,Cara Mengatasi Anxiety: 8 Cara Ini Boleh Bantu Anda Tenangkan Diri!
C001,treated_by,TRT003,Cara Mengatasi Anxiety: 8 Cara Ini Boleh Bantu Anda Tenangkan Diri!
C001,treated_by,STR001,Cara Mengatasi Anxiety: 8 Cara Ini Boleh Bantu Anda Tenangkan Diri!
C001,treated_by,STR002,Cara Mengatasi Anxiety: 8 Cara Ini Boleh Bantu Anda Tenangkan Diri!
C001,treated_by,TRT004,Cara Mengatasi Anxiety: 8 Cara Ini Boleh Bantu Anda Tenangkan Diri!
C001,treated_by,TRT005,Cara Mengatasi Anxiety: 8 Cara Ini Boleh Bantu Anda Tenangkan Diri!
C001,treated_by,STR003,Cara Mengatasi Anxiety: 8 Cara Ini Boleh Bantu Anda Tenangkan Diri!
C001,treated_by,TRT006,Cara Mengatasi Anxiety: 8 Cara Ini Boleh Bantu Anda Tenangkan Diri!
C001,treated_by,TRT007,Cara Mengatasi Anxiety: 8 Cara Ini Boleh Bantu Anda Tenangkan Diri!
C001,treated_by,TRT008,Cara Mengatasi Anxiety: 8 Cara Ini Boleh Bantu Anda Tenangkan Diri!
C001,treated_by,TRT009,Cara Mengatasi Anxiety: 8 Cara Ini Boleh Bantu Anda Tenangkan Diri!
C001,treated_by,TRT010,Cara Mengatasi Anxiety: 8 Cara Ini Boleh Bantu Anda Tenangkan Diri!
C001,treated_by,STR004,Cara Mengatasi Anxiety: 8 Cara Ini Boleh Bantu Anda Tenangkan Diri!
C001,treated_by,TRT011,Cara Mengatasi Anxiety: 8 Cara Ini Boleh Bantu Anda Tenangkan Diri!
C001,treated_by,TRT012,Cara Mengatasi Anxiety: 8 Cara Ini Boleh Bantu Anda Tenangkan Diri!
C001,treated_by,TRT013,Cara Mengatasi Anxiety: 8 Cara Ini Boleh Bantu Anda Tenangkan Diri!
C001,treated_by,STR005,Cara Mengatasi Anxiety: 8 Cara Ini Boleh Bantu Anda Tenangkan Diri!
C001,treated_by,TRT014,Cara Mengatasi Anxiety: 8 Cara Ini Boleh Bantu Anda Tenangkan Diri!
C001,treated_by,TRT015,Cara Mengatasi Anxiety: 8 Cara Ini Boleh Bantu Anda Tenangkan Diri!
C001,treated_by,TRT016,Cara Mengatasi Anxiety: 8 Cara Ini Boleh Bantu Anda Tenangkan Diri!
C001,treated_by,TRT017,Cara Mengatasi Anxiety: 8 Cara Ini Boleh Bantu Anda Tenangkan Diri!
C001,treated_by,TRT018,Cara Mengatasi Anxiety: 8 Cara Ini Boleh Bantu Anda Tenangkan Diri!
C001,treated_by,STR006,Cara Mengatasi Anxiety: 8 Cara Ini Boleh Bantu Anda Tenangkan Diri!
C001,treated_by,TRT019,Cara Mengatasi Anxiety: 8 Cara Ini Boleh Bantu Anda Tenangkan Diri!
C001,treated_by,TRT020,Ubat Anxiety: Ini 5 Jenis Ubat Boleh Beli Tapi Mesti Dengan Surat Doktor!
C001,treated_by,TRT021,Ubat Anxiety: Ini 5 Jenis Ubat Boleh Beli Tapi Mesti Dengan Surat Doktor!
C001,treated_by,TRT022,Ubat Anxiety: Ini 5 Jenis Ubat Boleh Beli Tapi Mesti Dengan Surat Doktor!
C001,treated_by,TRT023,Ubat Anxiety: Ini 5 Jenis Ubat Boleh Beli Tapi Mesti Dengan Surat Doktor!
C001,treated_by,TRT024,Ubat Anxiety: Ini 5 Jenis Ubat Boleh Beli Tapi Mesti Dengan Surat Doktor!
C001,treated_by,TRT025,Ubat Anxiety: Ini 5 Jenis Ubat Boleh Beli Tapi Mesti Dengan Surat Doktor!
C001,treated_by,TRT026,Ubat Anxiety: Ini 5 Jenis Ubat Boleh Beli Tapi Mesti Dengan Surat Doktor!
C001,treated_by,TRT027,Ubat Anxiety: Ini 5 Jenis Ubat Boleh Beli Tapi Mesti Dengan Surat Doktor!
C001,treated_by,TRT028,Ubat Anxiety: Ini 5 Jenis Ubat Boleh Beli Tapi Mesti Dengan Surat Doktor!
C001,treated_by,TRT029,Ubat Anxiety: Ini 5 Jenis Ubat Boleh Beli Tapi Mesti Dengan Surat Doktor!
C001,treated_by,TRT030,Ubat Anxiety: Ini 5 Jenis Ubat Boleh Beli Tapi Mesti Dengan Surat Doktor!
C001,treated_by,TRT031,Ubat Anxiety: Ini 5 Jenis Ubat Boleh Beli Tapi Mesti Dengan Surat Doktor!
C001,treated_by,TRT032,Ubat Anxiety: Ini 5 Jenis Ubat Boleh Beli Tapi Mesti Dengan Surat Doktor!
C001,treated_by,TRT033,Ubat Anxiety: Ini 5 Jenis Ubat Boleh Beli Tapi Mesti Dengan Surat Doktor!
C001,treated_by,TRT034,Ubat Anxiety: Ini 5 Jenis Ubat Boleh Beli Tapi Mesti Dengan Surat Doktor!
C001,treated_by,TRT035,Ubat Anxiety: Ini 5 Jenis Ubat Boleh Beli Tapi Mesti Dengan Surat Doktor!
C001,treated_by,TRT036,Ubat Anxiety: Ini 5 Jenis Ubat Boleh Beli Tapi Mesti Dengan Surat Doktor!
C001,treated_by,TRT037,Ubat Anxiety: Ini 5 Jenis Ubat Boleh Beli Tapi Mesti Dengan Surat Doktor!
C001,treated_by,TRT038,Ubat Anxiety: Ini 5 Jenis Ubat Boleh Beli Tapi Mesti Dengan Surat Doktor!
C001,treated_by,TRT039,Ubat Anxiety: Ini 5 Jenis Ubat Boleh Beli Tapi Mesti Dengan Surat Doktor!
C001,treated_by,TRT040,Ubat Anxiety: Ini 5 Jenis Ubat Boleh Beli Tapi Mesti Dengan Surat Doktor!
C001,treated_by,TRT041,Ubat Anxiety: Ini 5 Jenis Ubat Boleh Beli Tapi Mesti Dengan Surat Doktor!
C001,treated_by,TRT042,Ubat Anxiety: Ini 5 Jenis Ubat Boleh Beli Tapi Mesti Dengan Surat Doktor!
C001,treated_by,TRT043,Ubat Anxiety: Ini 5 Jenis Ubat Boleh Beli Tapi Mesti Dengan Surat Doktor!
C001,treated_by,TRT044,Ubat Anxiety: Ini 5 Jenis Ubat Boleh Beli Tapi Mesti Dengan Surat Doktor!
C001,treated_by,TRT045,Ubat Anxiety: Ini 5 Jenis Ubat Boleh Beli Tapi Mesti Dengan Surat Doktor!
C001,treated_by,TRT046,Ubat Anxiety: Ini 5 Jenis Ubat Boleh Beli Tapi Mesti Dengan Surat Doktor!
C001,treated_by,TRT047,Ubat Anxiety: Ini 5 Jenis Ubat Boleh Beli Tapi Mesti Dengan Surat Doktor!
C001,treated_by,TRT048,Ubat Anxiety: Ini 5 Jenis Ubat Boleh Beli Tapi Mesti Dengan Surat Doktor!
C001,treated_by,TRT049,Ubat Anxiety: Ini 5 Jenis Ubat Boleh Beli Tapi Mesti Dengan Surat Doktor!
C001,triggered_by,T001,Punca Penyakit Anxiety: Ini 7 Perkara Boleh Trigger Anxiety Anda!
C001,triggered_by,T002,Punca Penyakit Anxiety: Ini 7 Perkara Boleh Trigger Anxiety Anda!
C001,triggered_by,T003,Punca Penyakit Anxiety: Ini 7 Perkara Boleh Trigger Anxiety Anda!
C001,triggered_by,T004,Punca Penyakit Anxiety: Ini 7 Perkara Boleh Trigger Anxiety Anda!
C001,triggered_by,T005,Punca Penyakit Anxiety: Ini 7 Perkara Boleh Trigger Anxiety Anda!
C001,triggered_by,T006,Punca Penyakit Anxiety: Ini 7 Perkara Boleh Trigger Anxiety Anda!
C001,triggered_by,T007,Punca Penyakit Anxiety: Ini 7 Perkara Boleh Trigger Anxiety Anda!
C001,triggered_by,T008,Punca Penyakit Anxiety: Ini 7 Perkara Boleh Trigger Anxiety Anda!
C001,triggered_by,T009,Punca Penyakit Anxiety: Ini 7 Perkara Boleh Trigger Anxiety Anda!
C001,triggered_by,T010,Punca Penyakit Anxiety: Ini 7 Perkara Boleh Trigger Anxiety Anda!
C001,triggered_by,T011,Punca Penyakit Anxiety: Ini 7 Perkara Boleh Trigger Anxiety Anda!
C001,triggered_by,T012,Punca Penyakit Anxiety: Ini 7 Perkara Boleh Trigger Anxiety Anda!
C001,triggered_by,T013,Punca Penyakit Anxiety: Ini 7 Perkara Boleh Trigger Anxiety Anda!
C001,triggered_by,T014,Punca Penyakit Anxiety: Ini 7 Perkara Boleh Trigger Anxiety Anda!
C001,triggered_by,T015,Punca Penyakit Anxiety: Ini 7 Perkara Boleh Trigger Anxiety Anda!
C001,triggered_by,T016,Punca Penyakit Anxiety: Ini 7 Perkara Boleh Trigger Anxiety Anda!
C001,triggered_by,T017,Punca Penyakit Anxiety: Ini 7 Perkara Boleh Trigger Anxiety Anda!
C001,triggered_by,T018,Punca Penyakit Anxiety: Ini 7 Perkara Boleh Trigger Anxiety Anda!
C001,triggered_by,T019,Punca Penyakit Anxiety: Ini 7 Perkara Boleh Trigger Anxiety Anda!
C001,triggered_by,T020,Punca Penyakit Anxiety: Ini 7 Perkara Boleh Trigger Anxiety Anda!
C001,triggered_by,T021,Punca Penyakit Anxiety: Ini 7 Perkara Boleh Trigger Anxiety Anda!
C001,triggered_by,T022,Punca Penyakit Anxiety: Ini 7 Perkara Boleh Trigger Anxiety Anda!
C001,triggered_by,T023,Punca Penyakit Anxiety: Ini 7 Perkara Boleh Trigger Anxiety Anda!
C001,triggered_by,T024,Punca Penyakit Anxiety: Ini 7 Perkara Boleh Trigger Anxiety Anda!
C001,triggered_by,T025,Punca Penyakit Anxiety: Ini 7 Perkara Boleh Trigger Anxiety Anda!
C001,triggered_by,T026,Punca Penyakit Anxiety: Ini 7 Perkara Boleh Trigger Anxiety Anda!
C001,triggered_by,T027,Punca Penyakit Anxiety: Ini 7 Perkara Boleh Trigger Anxiety Anda!
C001,triggered_by,T028,Punca Penyakit Anxiety: Ini 7 Perkara Boleh Trigger Anxiety Anda!
C001,triggered_by,T029,Punca Penyakit Anxiety: Ini 7 Perkara Boleh Trigger Anxiety Anda!
C001,triggered_by,T030,Punca Penyakit Anxiety: Ini 7 Perkara Boleh Trigger Anxiety Anda!
C001,triggered_by,T031,Punca Penyakit Anxiety: Ini 7 Perkara Boleh Trigger Anxiety Anda!
C001,triggered_by,T032,Punca Penyakit Anxiety: Ini 7 Perkara Boleh Trigger Anxiety Anda!
C001,triggered_by,T033,Punca Penyakit Anxiety: Ini 7 Perkara Boleh Trigger Anxiety Anda!
C001,triggered_by,T034,Punca Penyakit Anxiety: Ini 7 Perkara Boleh Trigger Anxiety Anda!
C001,triggered_by,T035,Punca Penyakit Anxiety: Ini 7 Perkara Boleh Trigger Anxiety Anda!
C001,triggered_by,T036,Punca Penyakit Anxiety: Ini 7 Perkara Boleh Trigger Anxiety Anda!
C001,triggered_by,T037,Punca Penyakit Anxiety: Ini 7 Perkara Boleh Trigger Anxiety Anda!
C001,triggered_by,T038,Punca Penyakit Anxiety: Ini 7 Perkara Boleh Trigger Anxiety Anda!
C001,triggered_by,T039,Punca Penyakit Anxiety: Ini 7 Perkara Boleh Trigger Anxiety Anda!
C001,triggered_by,T040,Punca Penyakit Anxiety: Ini 7 Perkara Boleh Trigger Anxiety Anda!
C001,triggered_by,T041,Punca Penyakit Anxiety: Ini 7 Perkara Boleh Trigger Anxiety Anda!
C001,triggered_by,T042,Punca Penyakit Anxiety: Ini 7 Perkara Boleh Trigger Anxiety Anda!
C001,triggered_by,T040,Punca Penyakit Anxiety: Ini 7 Perkara Boleh Trigger Anxiety Anda!
C001,triggered_by,T043,Punca Penyakit Anxiety: Ini 7 Perkara Boleh Trigger Anxiety Anda!
C001,triggered_by,T044,Punca Penyakit Anxiety: Ini 7 Perkara Boleh Trigger Anxiety Anda!
C001,triggered_by,T045,Punca Penyakit Anxiety: Ini 7 Perkara Boleh Trigger Anxiety Anda!
C001,triggered_by,T046,Punca Penyakit Anxiety: Ini 7 Perkara Boleh Trigger Anxiety Anda!
C001,triggered_by,T047,Punca Penyakit Anxiety: Ini 7 Perkara Boleh Trigger Anxiety Anda!
C001,triggered_by,T048,Punca Penyakit Anxiety: Ini 7 Perkara Boleh Trigger Anxiety Anda!
C001,has_symptom,S001,Simptom Anxiety: Ini 13 Tanda Jika Anda Sedang Alami Serangan Anxiety!
C001,has_symptom,S002,Simptom Anxiety: Ini 13 Tanda Jika Anda Sedang Alami Serangan Anxiety!
C001,has_symptom,S003,Simptom Anxiety: Ini 13 Tanda Jika Anda Sedang Alami Serangan Anxiety!
C001,has_symptom,S004,Simptom Anxiety: Ini 13 Tanda Jika Anda Sedang Alami Serangan Anxiety!
C001,has_symptom,S005,Simptom Anxiety: Ini 13 Tanda Jika Anda Sedang Alami Serangan Anxiety!
C001,has_symptom,S006,Simptom Anxiety: Ini 13 Tanda Jika Anda Sedang Alami Serangan Anxiety!
C001,has_symptom,S007,Simptom Anxiety: Ini 13 Tanda Jika Anda Sedang Alami Serangan Anxiety!
C001,has_symptom,S008,Simptom Anxiety: Ini 13 Tanda Jika Anda Sedang Alami Serangan Anxiety!
C001,has_symptom,S009,Simptom Anxiety: Ini 13 Tanda Jika Anda Sedang Alami Serangan Anxiety!
C001,has_symptom,S010,Simptom Anxiety: Ini 13 Tanda Jika Anda Sedang Alami Serangan Anxiety!
C001,has_symptom,S011,Simptom Anxiety: Ini 13 Tanda Jika Anda Sedang Alami Serangan Anxiety!
C001,has_symptom,S012,Simptom Anxiety: Ini 13 Tanda Jika Anda Sedang Alami Serangan Anxiety!
C001,has_symptom,S013,Simptom Anxiety: Ini 13 Tanda Jika Anda Sedang Alami Serangan Anxiety!
C001,has_symptom,S014,Simptom Anxiety: Ini 13 Tanda Jika Anda Sedang Alami Serangan Anxiety!
C001,has_symptom,S015,Simptom Anxiety: Ini 13 Tanda Jika Anda Sedang Alami Serangan Anxiety!
C001,has_symptom,S016,Simptom Anxiety: Ini 13 Tanda Jika Anda Sedang Alami Serangan Anxiety!
C001,treated_by,TRT050,Pantang Larang Anxiety: Ini 5 Makanan Yang Menyebabkan Kemurungan
C001,treated_by,TRT051,Pantang Larang Anxiety: Ini 5 Makanan Yang Menyebabkan Kemurungan
C001,treated_by,TRT052,Pantang Larang Anxiety: Ini 5 Makanan Yang Menyebabkan Kemurungan
C001,treated_by,TRT053,Pantang Larang Anxiety: Ini 5 Makanan Yang Menyebabkan Kemurungan
C001,treated_by,TRT054,Pantang Larang Anxiety: Ini 5 Makanan Yang Menyebabkan Kemurungan
C001,treated_by,TRT055,Pantang Larang Anxiety: Ini 5 Makanan Yang Menyebabkan Kemurungan
C001,treated_by,TRT056,Pantang Larang Anxiety: Ini 5 Makanan Yang Menyebabkan Kemurungan
C001,treated_by,TRT057,Pantang Larang Anxiety: Ini 5 Makanan Yang Menyebabkan Kemurungan
C001,treated_by,TRT058,Pantang Larang Anxiety: Ini 5 Makanan Yang Menyebabkan Kemurungan
C001,treated_by,TRT059,Pantang Larang Anxiety: Ini 5 Makanan Yang Menyebabkan Kemurungan
C001,treated_by,TRT060,Pantang Larang Anxiety: Ini 5 Makanan Yang Menyebabkan Kemurungan
C001,treated_by,TRT061,Pantang Larang Anxiety: Ini 5 Makanan Yang Menyebabkan Kemurungan
C001,treated_by,STR007,Pantang Larang Anxiety: Ini 5 Makanan Yang Menyebabkan Kemurungan
C001,treated_by,TRT062,Pantang Larang Anxiety: Ini 5 Makanan Yang Menyebabkan Kemurungan
C001,treated_by,TRT063,Pantang Larang Anxiety: Ini 5 Makanan Yang Menyebabkan Kemurungan
C001,treated_by,TRT064,Pantang Larang Anxiety: Ini 5 Makanan Yang Menyebabkan Kemurungan
C001,treated_by,TRT065,Pantang Larang Anxiety: Ini 5 Makanan Yang Menyebabkan Kemurungan
C001,treated_by,TRT066,Pantang Larang Anxiety: Ini 5 Makanan Yang Menyebabkan Kemurungan
C001,treated_by,TRT067,Pantang Larang Anxiety: Ini 5 Makanan Yang Menyebabkan Kemurungan
C001,treated_by,TRT068,Pantang Larang Anxiety: Ini 5 Makanan Yang Menyebabkan Kemurungan
C001,treated_by,TRT069,Pantang Larang Anxiety: Ini 5 Makanan Yang Menyebabkan Kemurungan
C001,treated_by,TRT070,Pantang Larang Anxiety: Ini 5 Makanan Yang Menyebabkan Kemurungan
C001,treated_by,TRT071,Pantang Larang Anxiety: Ini 5 Makanan Yang Menyebabkan Kemurungan
C001,treated_by,TRT072,Pantang Larang Anxiety: Ini 5 Makanan Yang Menyebabkan Kemurungan
C001,treated_by,TRT073,Pantang Larang Anxiety: Ini 5 Makanan Yang Menyebabkan Kemurungan
C001,treated_by,TRT074,Pantang Larang Anxiety: Ini 5 Makanan Yang Menyebabkan Kemurungan
C001,treated_by,TRT075,Pantang Larang Anxiety: Ini 5 Makanan Yang Menyebabkan Kemurungan
C001,treated_by,TRT076,Pantang Larang Anxiety: Ini 5 Makanan Yang Menyebabkan Kemurungan
C001,treated_by,TRT077,Pantang Larang Anxiety: Ini 5 Makanan Yang Menyebabkan Kemurungan
C001,treated_by,TRT078,Pantang Larang Anxiety: Ini 5 Makanan Yang Menyebabkan Kemurungan
C001,treated_by,TRT079,Pantang Larang Anxiety: Ini 5 Makanan Yang Menyebabkan Kemurungan
C001,treated_by,TRT080,Pantang Larang Anxiety: Ini 5 Makanan Yang Menyebabkan Kemurungan
C001,treated_by,TRT081,Pantang Larang Anxiety: Ini 5 Makanan Yang Menyebabkan Kemurungan
C001,treated_by,TRT082,Pantang Larang Anxiety: Ini 5 Makanan Yang Menyebabkan Kemurungan
C001,treated_by,TRT083,Pantang Larang Anxiety: Ini 5 Makanan Yang Menyebabkan Kemurungan
C001,treated_by,TRT084,Pantang Larang Anxiety: Ini 5 Makanan Yang Menyebabkan Kemurungan
C001,treated_by,TRT085,Pantang Larang Anxiety: Ini 5 Makanan Yang Menyebabkan Kemurungan
C001,treated_by,TRT086,Pantang Larang Anxiety: Ini 5 Makanan Yang Menyebabkan Kemurungan
C001,treated_by,TRT087,Pantang Larang Anxiety: Ini 5 Makanan Yang Menyebabkan Kemurungan
C001,treated_by,STR008,Pantang Larang Anxiety: Ini 5 Makanan Yang Menyebabkan Kemurungan
C001,treated_by,TRT088,Pantang Larang Anxiety: Ini 5 Makanan Yang Menyebabkan Kemurungan
C001,treated_by,STR009,Pantang Larang Anxiety: Ini 5 Makanan Yang Menyebabkan Kemurungan
C001,treated_by,TRT089,Pantang Larang Anxiety: Ini 5 Makanan Yang Menyebabkan Kemurungan
C001,treated_by,TRT090,Pantang Larang Anxiety: Ini 5 Makanan Yang Menyebabkan Kemurungan
C001,treated_by,TRT091,Pantang Larang Anxiety: Ini 5 Makanan Yang Menyebabkan Kemurungan
C001,treated_by,TRT092,Pantang Larang Anxiety: Ini 5 Makanan Yang Menyebabkan Kemurungan
C001,treated_by,TRT093,Pantang Larang Anxiety: Ini 5 Makanan Yang Menyebabkan Kemurungan
C001,treated_by,TRT094,Pantang Larang Anxiety: Ini 5 Makanan Yang Menyebabkan Kemurungan
C001,treated_by,TRT095,Pantang Larang Anxiety: Ini 5 Makanan Yang Menyebabkan Kemurungan
C001,treated_by,TRT096,Pantang Larang Anxiety: Ini 5 Makanan Yang Menyebabkan Kemurungan
C001,treated_by,TRT097,Pantang Larang Anxiety: Ini 5 Makanan Yang Menyebabkan Kemurungan
C001,treated_by,TRT098,Pantang Larang Anxiety: Ini 5 Makanan Yang Menyebabkan Kemurungan
C001,treated_by,TRT099,Pantang Larang Anxiety: Ini 5 Makanan Yang Menyebabkan Kemurungan
C001,treated_by,STR010,Pantang Larang Anxiety: Ini 5 Makanan Yang Menyebabkan Kemurungan
C001,treated_by,TRT100,Pantang Larang Anxiety: Ini 5 Makanan Yang Menyebabkan Kemurungan
C001,treated_by,TRT101,Pantang Larang Anxiety: Ini 5 Makanan Yang Menyebabkan Kemurungan
C001,treated_by,TRT102,Pantang Larang Anxiety: Ini 5 Makanan Yang Menyebabkan Kemurungan
C001,has_symptom,S017,Penyakit Anxiety: Ini 10 Simptom Fizikal Tanda Anda Ada Kegelisahan!
C001,has_symptom,S018,Penyakit Anxiety: Ini 10 Simptom Fizikal Tanda Anda Ada Kegelisahan!
C001,has_symptom,S019,Penyakit Anxiety: Ini 10 Simptom Fizikal Tanda Anda Ada Kegelisahan!
C001,has_symptom,S020,Penyakit Anxiety: Ini 10 Simptom Fizikal Tanda Anda Ada Kegelisahan!
C001,has_symptom,S021,Penyakit Anxiety: Ini 10 Simptom Fizikal Tanda Anda Ada Kegelisahan!
C001,has_symptom,S022,Penyakit Anxiety: Ini 10 Simptom Fizikal Tanda Anda Ada Kegelisahan!
C001,has_symptom,S023,Penyakit Anxiety: Ini 10 Simptom Fizikal Tanda Anda Ada Kegelisahan!
C001,has_symptom,S024,Penyakit Anxiety: Ini 10 Simptom Fizikal Tanda Anda Ada Kegelisahan!
C001,has_symptom,S025,Penyakit Anxiety: Ini 10 Simptom Fizikal Tanda Anda Ada Kegelisahan!
C001,has_symptom,S026,Penyakit Anxiety: Ini 10 Simptom Fizikal Tanda Anda Ada Kegelisahan!
C001,has_symptom,S027,Penyakit Anxiety: Ini 10 Simptom Fizikal Tanda Anda Ada Kegelisahan!
C001,has_symptom,S028,Penyakit Anxiety: Ini 10 Simptom Fizikal Tanda Anda Ada Kegelisahan!
C001,has_symptom,S029,Penyakit Anxiety: Ini 10 Simptom Fizikal Tanda Anda Ada Kegelisahan!
C001,has_symptom,S030,Penyakit Anxiety: Ini 10 Simptom Fizikal Tanda Anda Ada Kegelisahan!
C001,has_symptom,S031,Penyakit Anxiety: Ini 10 Simptom Fizikal Tanda Anda Ada Kegelisahan!
C001,has_symptom,S032,Penyakit Anxiety: Ini 10 Simptom Fizikal Tanda Anda Ada Kegelisahan!
C001,has_symptom,S033,Penyakit Anxiety: Ini 10 Simptom Fizikal Tanda Anda Ada Kegelisahan!
C001,has_symptom,S034,Penyakit Anxiety: Ini 10 Simptom Fizikal Tanda Anda Ada Kegelisahan!
C001,has_symptom,S035,Penyakit Anxiety: Ini 10 Simptom Fizikal Tanda Anda Ada Kegelisahan!
C001,has_symptom,S036,Penyakit Anxiety: Ini 10 Simptom Fizikal Tanda Anda Ada Kegelisahan!
C001,has_symptom,S037,Penyakit Anxiety: Ini 10 Simptom Fizikal Tanda Anda Ada Kegelisahan!
C001,has_symptom,S038,Penyakit Anxiety: Ini 10 Simptom Fizikal Tanda Anda Ada Kegelisahan!
C001,has_symptom,S039,Penyakit Anxiety: Ini 10 Simptom Fizikal Tanda Anda Ada Kegelisahan!
C001,has_symptom,S040,Penyakit Anxiety: Ini 10 Simptom Fizikal Tanda Anda Ada Kegelisahan!
C001,has_symptom,S041,Penyakit Anxiety: Ini 10 Simptom Fizikal Tanda Anda Ada Kegelisahan!
C001,has_symptom,S042,Penyakit Anxiety: Ini 10 Simptom Fizikal Tanda Anda Ada Kegelisahan!
C001,has_symptom,S043,Penyakit Anxiety: Ini 10 Simptom Fizikal Tanda Anda Ada Kegelisahan!
C001,has_symptom,S044,Penyakit Anxiety: Ini 10 Simptom Fizikal Tanda Anda Ada Kegelisahan!
C001,has_symptom,S045,Penyakit Anxiety: Ini 10 Simptom Fizikal Tanda Anda Ada Kegelisahan!
C001,has_symptom,S046,Penyakit Anxiety: Ini 10 Simptom Fizikal Tanda Anda Ada Kegelisahan!
C001,has_symptom,S047,Penyakit Anxiety: Ini 10 Simptom Fizikal Tanda Anda Ada Kegelisahan!
C001,has_symptom,S048,Penyakit Anxiety: Ini 10 Simptom Fizikal Tanda Anda Ada Kegelisahan!
C001,has_symptom,S049,Penyakit Anxiety: Ini 10 Simptom Fizikal Tanda Anda Ada Kegelisahan!
C001,has_symptom,S050,Penyakit Anxiety: Ini 10 Simptom Fizikal Tanda Anda Ada Kegelisahan!
C001,has_symptom,S051,Penyakit Anxiety: Ini 10 Simptom Fizikal Tanda Anda Ada Kegelisahan!
C001,has_symptom,S052,Penyakit Anxiety: Ini 10 Simptom Fizikal Tanda Anda Ada Kegelisahan!
C001,has_symptom,S053,Penyakit Anxiety: Ini 10 Simptom Fizikal Tanda Anda Ada Kegelisahan!
C001,has_symptom,S054,Penyakit Anxiety: Ini 10 Simptom Fizikal Tanda Anda Ada Kegelisahan!
C001,has_symptom,S055,Penyakit Anxiety: Ini 10 Simptom Fizikal Tanda Anda Ada Kegelisahan!
C001,has_symptom,S056,Penyakit Anxiety: Ini 10 Simptom Fizikal Tanda Anda Ada Kegelisahan!
C001,has_symptom,S057,Penyakit Anxiety: Ini 10 Simptom Fizikal Tanda Anda Ada Kegelisahan!
C001,has_symptom,S058,Penyakit Anxiety: Ini 10 Simptom Fizikal Tanda Anda Ada Kegelisahan!
C001,has_symptom,S059,Penyakit Anxiety: Ini 10 Simptom Fizikal Tanda Anda Ada Kegelisahan!
C001,has_symptom,S060,Penyakit Anxiety: Ini 10 Simptom Fizikal Tanda Anda Ada Kegelisahan!
C001,has_symptom,S061,Penyakit Anxiety: Ini 10 Simptom Fizikal Tanda Anda Ada Kegelisahan!
C001,has_symptom,S062,Penyakit Anxiety: Ini 10 Simptom Fizikal Tanda Anda Ada Kegelisahan!
C001,has_symptom,S063,Penyakit Anxiety: Ini 10 Simptom Fizikal Tanda Anda Ada Kegelisahan!
C001,has_symptom,S064,Penyakit Anxiety: Ini 10 Simptom Fizikal Tanda Anda Ada Kegelisahan!
C001,has_symptom,S065,Penyakit Anxiety: Ini 10 Simptom Fizikal Tanda Anda Ada Kegelisahan!
C001,has_symptom,S066,Penyakit Anxiety: Ini 10 Simptom Fizikal Tanda Anda Ada Kegelisahan!
C001,has_symptom,S067,Penyakit Anxiety: Ini 10 Simptom Fizikal Tanda Anda Ada Kegelisahan!
C001,has_symptom,S068,Penyakit Anxiety: Ini 10 Simptom Fizikal Tanda Anda Ada Kegelisahan!
C001,has_symptom,S069,Penyakit Anxiety: Ini 10 Simptom Fizikal Tanda Anda Ada Kegelisahan!
C001,has_symptom,S070,Penyakit Anxiety: Ini 10 Simptom Fizikal Tanda Anda Ada Kegelisahan!
C001,has_symptom,S071,Penyakit Anxiety: Ini 10 Simptom Fizikal Tanda Anda Ada Kegelisahan!
C003,has_symptom,S072,Perasaan Marah Muncul Selepas Rasa Resah Gelisah? Ada Kaitan Ke?
C004,related_to,C005,Serangan Panik & Kegelisahan: Macam Sama Tapi Tak Serupa!
C005,related_to,C004,Serangan Panik & Kegelisahan: Macam Sama Tapi Tak Serupa!
C008,triggered_by,T049,"Penyakit Fobia Badut, Kondisi Serius Yang Tidak Boleh Dibawa Main!"
C008,triggered_by,T050,"Penyakit Fobia Badut, Kondisi Serius Yang Tidak Boleh Dibawa Main!"
C008,triggered_by,T051,"Penyakit Fobia Badut, Kondisi Serius Yang Tidak Boleh Dibawa Main!"
C008,triggered_by,T052,"Penyakit Fobia Badut, Kondisi Serius Yang Tidak Boleh Dibawa Main!"
C008,triggered_by,T053,"Penyakit Fobia Badut, Kondisi Serius Yang Tidak Boleh Dibawa Main!"
C008,triggered_by,T054,"Penyakit Fobia Badut, Kondisi Serius Yang Tidak Boleh Dibawa Main!"
C008,triggered_by,T055,"Penyakit Fobia Badut, Kondisi Serius Yang Tidak Boleh Dibawa Main!"
C008,triggered_by,T056,"Penyakit Fobia Badut, Kondisi Serius Yang Tidak Boleh Dibawa Main!"
C008,triggered_by,T057,"Penyakit Fobia Badut, Kondisi Serius Yang Tidak Boleh Dibawa Main!"
C008,triggered_by,T058,"Penyakit Fobia Badut, Kondisi Serius Yang Tidak Boleh Dibawa Main!"
C008,triggered_by,T059,"Penyakit Fobia Badut, Kondisi Serius Yang Tidak Boleh Dibawa Main!"
C008,triggered_by,T060,"Penyakit Fobia Badut, Kondisi Serius Yang Tidak Boleh Dibawa Main!"
C008,triggered_by,T061,"Penyakit Fobia Badut, Kondisi Serius Yang Tidak Boleh Dibawa Main!"
C009,treated_by,TRT103,"Cara Mengatasi Kegelisahan, Cuba 7 Tip Ini Agar Tak Stres - Hello Doktor"
C009,treated_by,TRT104,"Cara Mengatasi Kegelisahan, Cuba 7 Tip Ini Agar Tak Stres - Hello Doktor"
C009,treated_by,TRT105,"Cara Mengatasi Kegelisahan, Cuba 7 Tip Ini Agar Tak Stres - Hello Doktor"
C009,treated_by,TRT106,"Cara Mengatasi Kegelisahan, Cuba 7 Tip Ini Agar Tak Stres - Hello Doktor"
C009,treated_by,TRT107,"Cara Mengatasi Kegelisahan, Cuba 7 Tip Ini Agar Tak Stres - Hello Doktor"
C009,treated_by,TRT108,"Cara Mengatasi Kegelisahan, Cuba 7 Tip Ini Agar Tak Stres - Hello Doktor"
C009,treated_by,TRT109,"Cara Mengatasi Kegelisahan, Cuba 7 Tip Ini Agar Tak Stres - Hello Doktor"
C009,treated_by,TRT110,"Cara Mengatasi Kegelisahan, Cuba 7 Tip Ini Agar Tak Stres - Hello Doktor"
C009,treated_by,TRT111,"Cara Mengatasi Kegelisahan, Cuba 7 Tip Ini Agar Tak Stres - Hello Doktor"
C009,treated_by,TRT112,"Cara Mengatasi Kegelisahan, Cuba 7 Tip Ini Agar Tak Stres - Hello Doktor"
C009,treated_by,TRT113,"Cara Mengatasi Kegelisahan, Cuba 7 Tip Ini Agar Tak Stres - Hello Doktor"
C009,treated_by,TRT114,"Cara Mengatasi Kegelisahan, Cuba 7 Tip Ini Agar Tak Stres - Hello Doktor"
C009,treated_by,TRT115,"Cara Mengatasi Kegelisahan, Cuba 7 Tip Ini Agar Tak Stres - Hello Doktor"
C009,treated_by,TRT116,"Cara Mengatasi Kegelisahan, Cuba 7 Tip Ini Agar Tak Stres - Hello Doktor"
C009,treated_by,TRT117,"Cara Mengatasi Kegelisahan, Cuba 7 Tip Ini Agar Tak Stres - Hello Doktor"
C009,treated_by,TRT118,"Cara Mengatasi Kegelisahan, Cuba 7 Tip Ini Agar Tak Stres - Hello Doktor"
C009,treated_by,TRT119,"Cara Mengatasi Kegelisahan, Cuba 7 Tip Ini Agar Tak Stres - Hello Doktor"
C009,treated_by,TRT120,"Cara Mengatasi Kegelisahan, Cuba 7 Tip Ini Agar Tak Stres - Hello Doktor"
C009,treated_by,TRT121,"Cara Mengatasi Kegelisahan, Cuba 7 Tip Ini Agar Tak Stres - Hello Doktor"
C009,treated_by,TRT122,"Cara Mengatasi Kegelisahan, Cuba 7 Tip Ini Agar Tak Stres - Hello Doktor"
C009,treated_by,TRT123,"Cara Mengatasi Kegelisahan, Cuba 7 Tip Ini Agar Tak Stres - Hello Doktor"
C009,treated_by,STR011,"Cara Mengatasi Kegelisahan, Cuba 7 Tip Ini Agar Tak Stres - Hello Doktor"
C009,treated_by,TRT124,"Cara Mengatasi Kegelisahan, Cuba 7 Tip Ini Agar Tak Stres - Hello Doktor"
C009,treated_by,TRT125,"Cara Mengatasi Kegelisahan, Cuba 7 Tip Ini Agar Tak Stres - Hello Doktor"
C009,treated_by,TRT126,"Cara Mengatasi Kegelisahan, Cuba 7 Tip Ini Agar Tak Stres - Hello Doktor"
C009,treated_by,TRT127,"Cara Mengatasi Kegelisahan, Cuba 7 Tip Ini Agar Tak Stres - Hello Doktor"
C009,treated_by,STR012,"Cara Mengatasi Kegelisahan, Cuba 7 Tip Ini Agar Tak Stres - Hello Doktor"
C009,treated_by,TRT128,"Cara Mengatasi Kegelisahan, Cuba 7 Tip Ini Agar Tak Stres - Hello Doktor"
C009,treated_by,TRT129,"Cara Mengatasi Kegelisahan, Cuba 7 Tip Ini Agar Tak Stres - Hello Doktor"
C009,treated_by,TRT130,"Cara Mengatasi Kegelisahan, Cuba 7 Tip Ini Agar Tak Stres - Hello Doktor"
C009,treated_by,TRT131,"Cara Mengatasi Kegelisahan, Cuba 7 Tip Ini Agar Tak Stres - Hello Doktor"
C009,treated_by,TRT132,"Cara Mengatasi Kegelisahan, Cuba 7 Tip Ini Agar Tak Stres - Hello Doktor"
C009,treated_by,TRT133,"Cara Mengatasi Kegelisahan, Cuba 7 Tip Ini Agar Tak Stres - Hello Doktor"
C009,treated_by,TRT134,"Cara Mengatasi Kegelisahan, Cuba 7 Tip Ini Agar Tak Stres - Hello Doktor"
C009,treated_by,TRT135,"Cara Mengatasi Kegelisahan, Cuba 7 Tip Ini Agar Tak Stres - Hello Doktor"
C009,treated_by,TRT136,"Cara Mengatasi Kegelisahan, Cuba 7 Tip Ini Agar Tak Stres - Hello Doktor"
C009,treated_by,TRT137,"Cara Mengatasi Kegelisahan, Cuba 7 Tip Ini Agar Tak Stres - Hello Doktor"
C013,related_to,C011,Gangguan dan serangan panik - Hello Doktor
C011,related_to,C013,Gangguan dan serangan panik - Hello Doktor
C015,has_symptom,S073,Simptom Umum Gangguan Tekanan Selepas Trauma - Hello Doktor
C015,has_symptom,S074,Simptom Umum Gangguan Tekanan Selepas Trauma - Hello Doktor
C015,has_symptom,S075,Simptom Umum Gangguan Tekanan Selepas Trauma - Hello Doktor
C015,has_symptom,S076,Simptom Umum Gangguan Tekanan Selepas Trauma - Hello Doktor
C015,has_symptom,S077,Simptom Umum Gangguan Tekanan Selepas Trauma - Hello Doktor
C015,has_symptom,S078,Simptom Umum Gangguan Tekanan Selepas Trauma - Hello Doktor
C015,has_symptom,S079,Simptom Umum Gangguan Tekanan Selepas Trauma - Hello Doktor
C015,has_symptom,S080,Simptom Umum Gangguan Tekanan Selepas Trauma - Hello Doktor
C015,has_symptom,S081,Simptom Umum Gangguan Tekanan Selepas Trauma - Hello Doktor
C015,has_symptom,S082,Simptom Umum Gangguan Tekanan Selepas Trauma - Hello Doktor
C015,has_symptom,S083,Simptom Umum Gangguan Tekanan Selepas Trauma - Hello Doktor
C015,has_symptom,S077,Simptom Umum Gangguan Tekanan Selepas Trauma - Hello Doktor
C015,has_symptom,S084,Simptom Umum Gangguan Tekanan Selepas Trauma - Hello Doktor
C015,has_symptom,S076,Simptom Umum Gangguan Tekanan Selepas Trauma - Hello Doktor
C015,has_symptom,S085,Simptom Umum Gangguan Tekanan Selepas Trauma - Hello Doktor
C015,has_symptom,S086,Simptom Umum Gangguan Tekanan Selepas Trauma - Hello Doktor
C015,has_symptom,S087,Simptom Umum Gangguan Tekanan Selepas Trauma - Hello Doktor
C015,has_symptom,S088,Simptom Umum Gangguan Tekanan Selepas Trauma - Hello Doktor
C015,has_symptom,S089,Simptom Umum Gangguan Tekanan Selepas Trauma - Hello Doktor
C015,has_symptom,S090,Simptom Umum Gangguan Tekanan Selepas Trauma - Hello Doktor
C015,has_symptom,S091,Simptom Umum Gangguan Tekanan Selepas Trauma - Hello Doktor
C015,has_symptom,S092,Simptom Umum Gangguan Tekanan Selepas Trauma - Hello Doktor
C015,has_symptom,S093,Simptom Umum Gangguan Tekanan Selepas Trauma - Hello Doktor
C015,has_symptom,S094,Simptom Umum Gangguan Tekanan Selepas Trauma - Hello Doktor
C015,has_symptom,S095,Simptom Umum Gangguan Tekanan Selepas Trauma - Hello Doktor
C015,has_symptom,S096,Simptom Umum Gangguan Tekanan Selepas Trauma - Hello Doktor
C015,has_symptom,S097,Simptom Umum Gangguan Tekanan Selepas Trauma - Hello Doktor
C015,has_symptom,S098,Simptom Umum Gangguan Tekanan Selepas Trauma - Hello Doktor
C015,has_symptom,S099,Simptom Umum Gangguan Tekanan Selepas Trauma - Hello Doktor
C018,related_to,C019,Serangan Panik: Rasa Takut Dan Berdebat Secara Tiba-Tiba
C019,related_to,C018,Serangan Panik: Rasa Takut Dan Berdebat Secara Tiba-Tiba
C027,related_to,C028,Masalah Kemurungan Dan Keresahan: 6 Salah Faham Umum
C028,related_to,C027,Masalah Kemurungan Dan Keresahan: 6 Salah Faham Umum
C031,related_to,C032,Fakta Dan Mitos Tentang Kemurungan - Hello Doktor
C032,related_to,C031,Fakta Dan Mitos Tentang Kemurungan - Hello Doktor
C033,has_symptom,S100,Tanda-tanda Kemurungan - Hello Doktor
C033,has_symptom,S101,Tanda-tanda Kemurungan - Hello Doktor
C033,has_symptom,S102,Tanda-tanda Kemurungan - Hello Doktor
C033,has_symptom,S103,Tanda-tanda Kemurungan - Hello Doktor
C033,has_symptom,S104,Tanda-tanda Kemurungan - Hello Doktor
C033,has_symptom,S105,Tanda-tanda Kemurungan - Hello Doktor
C033,has_symptom,S106,Tanda-tanda Kemurungan - Hello Doktor
C033,has_symptom,S107,Tanda-tanda Kemurungan - Hello Doktor
C033,has_symptom,S108,Tanda-tanda Kemurungan - Hello Doktor
C033,has_symptom,S109,Tanda-tanda Kemurungan - Hello Doktor
C033,has_symptom,S110,Tanda-tanda Kemurungan - Hello Doktor
C033,has_symptom,S111,Tanda-tanda Kemurungan - Hello Doktor
C033,has_symptom,S112,Tanda-tanda Kemurungan - Hello Doktor
C033,has_symptom,S113,Tanda-tanda Kemurungan - Hello Doktor
C033,has_symptom,S114,Tanda-tanda Kemurungan - Hello Doktor
C033,has_symptom,S115,Tanda-tanda Kemurungan - Hello Doktor
C033,has_symptom,S116,Tanda-tanda Kemurungan - Hello Doktor
C033,has_symptom,S117,Tanda-tanda Kemurungan - Hello Doktor
C033,has_symptom,S118,Tanda-tanda Kemurungan - Hello Doktor
C033,has_symptom,S119,Tanda-tanda Kemurungan - Hello Doktor
C033,has_symptom,S120,Tanda-tanda Kemurungan - Hello Doktor
C033,has_symptom,S072,Tanda-tanda Kemurungan - Hello Doktor
C033,has_symptom,S121,Tanda-tanda Kemurungan - Hello Doktor
C033,has_symptom,S122,Tanda-tanda Kemurungan - Hello Doktor
C033,has_symptom,S123,Tanda-tanda Kemurungan - Hello Doktor
C033,has_symptom,S124,Tanda-tanda Kemurungan - Hello Doktor
C033,has_symptom,S125,Tanda-tanda Kemurungan - Hello Doktor
C033,has_symptom,S126,Tanda-tanda Kemurungan - Hello Doktor
C033,has_symptom,S127,Tanda-tanda Kemurungan - Hello Doktor
C033,has_symptom,S128,Tanda-tanda Kemurungan - Hello Doktor
C033,has_symptom,S099,Tanda-tanda Kemurungan - Hello Doktor
C035,has_symptom,S100,Tanda-Tanda Biasa Depresi - Hello Doktor
C035,has_symptom,S129,Tanda-Tanda Biasa Depresi - Hello Doktor
C035,has_symptom,S130,Tanda-Tanda Biasa Depresi - Hello Doktor
C035,has_symptom,S131,Tanda-Tanda Biasa Depresi - Hello Doktor
C035,has_symptom,S132,Tanda-Tanda Biasa Depresi - Hello Doktor
C035,has_symptom,S133,Tanda-Tanda Biasa Depresi - Hello Doktor
C035,has_symptom,S134,Tanda-Tanda Biasa Depresi - Hello Doktor
C035,has_symptom,S135,Tanda-Tanda Biasa Depresi - Hello Doktor
C035,has_symptom,S136,Tanda-Tanda Biasa Depresi - Hello Doktor
C035,has_symptom,S137,Tanda-Tanda Biasa Depresi - Hello Doktor
C035,has_symptom,S138,Tanda-Tanda Biasa Depresi - Hello Doktor
C035,has_symptom,S139,Tanda-Tanda Biasa Depresi - Hello Doktor
C035,has_symptom,S140,Tanda-Tanda Biasa Depresi - Hello Doktor
C035,has_symptom,S141,Tanda-Tanda Biasa Depresi - Hello Doktor
C035,has_symptom,S142,Tanda-Tanda Biasa Depresi - Hello Doktor
C035,has_symptom,S143,Tanda-Tanda Biasa Depresi - Hello Doktor
C035,has_symptom,S144,Tanda-Tanda Biasa Depresi - Hello Doktor
C039,has_symptom,S145,Tanda Penyakit Bipolar Disorder: Awasi 14 Gejala Amaran Ini
C039,has_symptom,S146,Tanda Penyakit Bipolar Disorder: Awasi 14 Gejala Amaran Ini
C039,has_symptom,S147,Tanda Penyakit Bipolar Disorder: Awasi 14 Gejala Amaran Ini
C039,has_symptom,S148,Tanda Penyakit Bipolar Disorder: Awasi 14 Gejala Amaran Ini
C039,has_symptom,S149,Tanda Penyakit Bipolar Disorder: Awasi 14 Gejala Amaran Ini
C039,has_symptom,S150,Tanda Penyakit Bipolar Disorder: Awasi 14 Gejala Amaran Ini
C039,has_symptom,S151,Tanda Penyakit Bipolar Disorder: Awasi 14 Gejala Amaran Ini
C039,has_symptom,S152,Tanda Penyakit Bipolar Disorder: Awasi 14 Gejala Amaran Ini
C039,has_symptom,S153,Tanda Penyakit Bipolar Disorder: Awasi 14 Gejala Amaran Ini
C039,has_symptom,S154,Tanda Penyakit Bipolar Disorder: Awasi 14 Gejala Amaran Ini
C039,has_symptom,S155,Tanda Penyakit Bipolar Disorder: Awasi 14 Gejala Amaran Ini
C039,has_symptom,S156,Tanda Penyakit Bipolar Disorder: Awasi 14 Gejala Amaran Ini
C039,has_symptom,S157,Tanda Penyakit Bipolar Disorder: Awasi 14 Gejala Amaran Ini
C040,treated_by,TRT138,Cara Mengatasi Kemurungan Adalah Dengan Hanya Berfikiran Positif!
C040,treated_by,TRT139,Cara Mengatasi Kemurungan Adalah Dengan Hanya Berfikiran Positif!
C040,treated_by,TRT140,Cara Mengatasi Kemurungan Adalah Dengan Hanya Berfikiran Positif!
C040,treated_by,TRT141,Cara Mengatasi Kemurungan Adalah Dengan Hanya Berfikiran Positif!
C040,treated_by,TRT100,Cara Mengatasi Kemurungan Adalah Dengan Hanya Berfikiran Positif!
C040,treated_by,TRT142,Cara Mengatasi Kemurungan Adalah Dengan Hanya Berfikiran Positif!
C040,treated_by,TRT143,Cara Mengatasi Kemurungan Adalah Dengan Hanya Berfikiran Positif!
C040,treated_by,TRT144,Cara Mengatasi Kemurungan Adalah Dengan Hanya Berfikiran Positif!
C040,treated_by,TRT145,Cara Mengatasi Kemurungan Adalah Dengan Hanya Berfikiran Positif!
C040,treated_by,TRT146,Cara Mengatasi Kemurungan Adalah Dengan Hanya Berfikiran Positif!
C040,treated_by,TRT147,Cara Mengatasi Kemurungan Adalah Dengan Hanya Berfikiran Positif!
C040,treated_by,TRT148,Cara Mengatasi Kemurungan Adalah Dengan Hanya Berfikiran Positif!
C040,treated_by,TRT149,Cara Mengatasi Kemurungan Adalah Dengan Hanya Berfikiran Positif!
C040,treated_by,TRT150,Cara Mengatasi Kemurungan Adalah Dengan Hanya Berfikiran Positif!
C040,treated_by,TRT151,Cara Mengatasi Kemurungan Adalah Dengan Hanya Berfikiran Positif!
C040,treated_by,TRT152,Cara Mengatasi Kemurungan Adalah Dengan Hanya Berfikiran Positif!
C040,treated_by,TRT153,Cara Mengatasi Kemurungan Adalah Dengan Hanya Berfikiran Positif!
C040,treated_by,TRT154,Cara Mengatasi Kemurungan Adalah Dengan Hanya Berfikiran Positif!
C040,treated_by,TRT155,Cara Mengatasi Kemurungan Adalah Dengan Hanya Berfikiran Positif!
C040,treated_by,TRT156,Cara Mengatasi Kemurungan Adalah Dengan Hanya Berfikiran Positif!
C040,treated_by,TRT157,Cara Mengatasi Kemurungan Adalah Dengan Hanya Berfikiran Positif!
C040,treated_by,TRT158,Cara Mengatasi Kemurungan Adalah Dengan Hanya Berfikiran Positif!
C044,triggered_by,T062,Perubahan Emosi: Apakah Puncanya? - Hello Doktor
C044,triggered_by,T063,Perubahan Emosi: Apakah Puncanya? - Hello Doktor
C044,triggered_by,T064,Perubahan Emosi: Apakah Puncanya? - Hello Doktor
C044,triggered_by,T065,Perubahan Emosi: Apakah Puncanya? - Hello Doktor
C044,triggered_by,T066,Perubahan Emosi: Apakah Puncanya? - Hello Doktor
C044,triggered_by,T067,Perubahan Emosi: Apakah Puncanya? - Hello Doktor
C044,triggered_by,T068,Perubahan Emosi: Apakah Puncanya? - Hello Doktor
C044,triggered_by,T069,Perubahan Emosi: Apakah Puncanya? - Hello Doktor
C044,triggered_by,T070,Perubahan Emosi: Apakah Puncanya? - Hello Doktor
C044,triggered_by,T071,Perubahan Emosi: Apakah Puncanya? - Hello Doktor
C044,triggered_by,T072,Perubahan Emosi: Apakah Puncanya? - Hello Doktor
C044,triggered_by,T073,Perubahan Emosi: Apakah Puncanya? - Hello Doktor
C044,triggered_by,T074,Perubahan Emosi: Apakah Puncanya? - Hello Doktor
C044,triggered_by,T075,Perubahan Emosi: Apakah Puncanya? - Hello Doktor
C044,triggered_by,T076,Perubahan Emosi: Apakah Puncanya? - Hello Doktor
C044,triggered_by,T077,Perubahan Emosi: Apakah Puncanya? - Hello Doktor
C044,triggered_by,T078,Perubahan Emosi: Apakah Puncanya? - Hello Doktor
C044,triggered_by,T079,Perubahan Emosi: Apakah Puncanya? - Hello Doktor
C044,triggered_by,T080,Perubahan Emosi: Apakah Puncanya? - Hello Doktor
C044,triggered_by,T081,Perubahan Emosi: Apakah Puncanya? - Hello Doktor
C044,triggered_by,T082,Perubahan Emosi: Apakah Puncanya? - Hello Doktor
C044,triggered_by,T083,Perubahan Emosi: Apakah Puncanya? - Hello Doktor
C044,triggered_by,T084,Perubahan Emosi: Apakah Puncanya? - Hello Doktor
C044,triggered_by,T085,Perubahan Emosi: Apakah Puncanya? - Hello Doktor
C044,triggered_by,T086,Perubahan Emosi: Apakah Puncanya? - Hello Doktor
C044,triggered_by,T087,Perubahan Emosi: Apakah Puncanya? - Hello Doktor
C044,triggered_by,T088,Perubahan Emosi: Apakah Puncanya? - Hello Doktor
C044,triggered_by,T089,Perubahan Emosi: Apakah Puncanya? - Hello Doktor
C044,triggered_by,T090,Perubahan Emosi: Apakah Puncanya? - Hello Doktor
C044,triggered_by,T091,Perubahan Emosi: Apakah Puncanya? - Hello Doktor
C044,triggered_by,T092,Perubahan Emosi: Apakah Puncanya? - Hello Doktor
C044,triggered_by,T093,Perubahan Emosi: Apakah Puncanya? - Hello Doktor
C054,related_to,C055,Menangis dan Kesihatan Emosi - Hello Doktor
C055,related_to,C054,Menangis dan Kesihatan Emosi - Hello Doktor
C059,treated_by,TRT159,"Cara Atasi Kemarahan Guna Rage Room, Berkesan Tangani Stres?"
C059,treated_by,TRT160,"Cara Atasi Kemarahan Guna Rage Room, Berkesan Tangani Stres?"
C059,treated_by,TRT161,"Cara Atasi Kemarahan Guna Rage Room, Berkesan Tangani Stres?"
C059,treated_by,TRT162,"Cara Atasi Kemarahan Guna Rage Room, Berkesan Tangani Stres?"
C059,treated_by,TRT163,"Cara Atasi Kemarahan Guna Rage Room, Berkesan Tangani Stres?"
C059,treated_by,TRT164,"Cara Atasi Kemarahan Guna Rage Room, Berkesan Tangani Stres?"
C059,treated_by,TRT165,"Cara Atasi Kemarahan Guna Rage Room, Berkesan Tangani Stres?"
C059,treated_by,TRT166,"Cara Atasi Kemarahan Guna Rage Room, Berkesan Tangani Stres?"
C059,treated_by,TRT167,"Cara Atasi Kemarahan Guna Rage Room, Berkesan Tangani Stres?"
C059,treated_by,TRT168,"Cara Atasi Kemarahan Guna Rage Room, Berkesan Tangani Stres?"
C059,treated_by,TRT169,"Cara Atasi Kemarahan Guna Rage Room, Berkesan Tangani Stres?"
C059,treated_by,TRT170,"Cara Atasi Kemarahan Guna Rage Room, Berkesan Tangani Stres?"
C059,treated_by,TRT171,"Cara Atasi Kemarahan Guna Rage Room, Berkesan Tangani Stres?"
C059,treated_by,TRT172,"Cara Atasi Kemarahan Guna Rage Room, Berkesan Tangani Stres?"
C059,treated_by,TRT173,"Cara Atasi Kemarahan Guna Rage Room, Berkesan Tangani Stres?"
C059,treated_by,TRT174,"Cara Atasi Kemarahan Guna Rage Room, Berkesan Tangani Stres?"
C059,treated_by,TRT175,"Cara Atasi Kemarahan Guna Rage Room, Berkesan Tangani Stres?"
C059,treated_by,TRT176,"Cara Atasi Kemarahan Guna Rage Room, Berkesan Tangani Stres?"
C059,treated_by,TRT177,"Cara Atasi Kemarahan Guna Rage Room, Berkesan Tangani Stres?"
C059,treated_by,TRT178,"Cara Atasi Kemarahan Guna Rage Room, Berkesan Tangani Stres?"
C059,treated_by,TRT179,"Cara Atasi Kemarahan Guna Rage Room, Berkesan Tangani Stres?"
C059,treated_by,TRT180,"Cara Atasi Kemarahan Guna Rage Room, Berkesan Tangani Stres?"
C059,treated_by,TRT181,"Cara Atasi Kemarahan Guna Rage Room, Berkesan Tangani Stres?"
C059,treated_by,TRT182,"Cara Atasi Kemarahan Guna Rage Room, Berkesan Tangani Stres?"
C059,treated_by,TRT183,"Cara Atasi Kemarahan Guna Rage Room, Berkesan Tangani Stres?"
C059,treated_by,TRT184,"Cara Atasi Kemarahan Guna Rage Room, Berkesan Tangani Stres?"
C059,treated_by,TRT185,"Cara Atasi Kemarahan Guna Rage Room, Berkesan Tangani Stres?"
C059,treated_by,TRT186,"Cara Atasi Kemarahan Guna Rage Room, Berkesan Tangani Stres?"
C059,treated_by,STR013,"Cara Atasi Kemarahan Guna Rage Room, Berkesan Tangani Stres?"
C059,treated_by,STR014,"Cara Atasi Kemarahan Guna Rage Room, Berkesan Tangani Stres?"
C059,treated_by,TRT187,"Cara Atasi Kemarahan Guna Rage Room, Berkesan Tangani Stres?"
C059,treated_by,TRT188,"Cara Atasi Kemarahan Guna Rage Room, Berkesan Tangani Stres?"
C059,treated_by,TRT189,"Cara Atasi Kemarahan Guna Rage Room, Berkesan Tangani Stres?"
C059,treated_by,TRT190,"Cara Atasi Kemarahan Guna Rage Room, Berkesan Tangani Stres?"
C059,treated_by,TRT191,"Cara Atasi Kemarahan Guna Rage Room, Berkesan Tangani Stres?"
C059,treated_by,TRT192,"Cara Atasi Kemarahan Guna Rage Room, Berkesan Tangani Stres?"
C059,treated_by,TRT193,"Cara Atasi Kemarahan Guna Rage Room, Berkesan Tangani Stres?"
C059,treated_by,TRT194,"Cara Atasi Kemarahan Guna Rage Room, Berkesan Tangani Stres?"
C059,treated_by,TRT195,"Cara Atasi Kemarahan Guna Rage Room, Berkesan Tangani Stres?"
C059,treated_by,TRT196,"Cara Atasi Kemarahan Guna Rage Room, Berkesan Tangani Stres?"
C059,treated_by,TRT197,"Cara Atasi Kemarahan Guna Rage Room, Berkesan Tangani Stres?"
C059,treated_by,TRT198,"Cara Atasi Kemarahan Guna Rage Room, Berkesan Tangani Stres?"
C059,treated_by,TRT199,"Cara Atasi Kemarahan Guna Rage Room, Berkesan Tangani Stres?"
C059,treated_by,TRT200,"Cara Atasi Kemarahan Guna Rage Room, Berkesan Tangani Stres?"
C061,related_to,C062,Menyanyi Dan Menari: Benarkah Aktiviti Ini Mampu Kurangkan Stres?
C062,related_to,C061,Menyanyi Dan Menari: Benarkah Aktiviti Ini Mampu Kurangkan Stres?
C063,related_to,C064,"Rambut Beruban Disebabkan Stres & Banyak Berfikir, Betul Ke?"
C064,related_to,C063,"Rambut Beruban Disebabkan Stres & Banyak Berfikir, Betul Ke?"
C065,triggered_by,T094,Punca Stres Anak Boleh Diatasi Dengan 5 Tip Ini - Hello Doktor
C065,triggered_by,T095,Punca Stres Anak Boleh Diatasi Dengan 5 Tip Ini - Hello Doktor
C065,triggered_by,T096,Punca Stres Anak Boleh Diatasi Dengan 5 Tip Ini - Hello Doktor
C065,triggered_by,T097,Punca Stres Anak Boleh Diatasi Dengan 5 Tip Ini - Hello Doktor
C065,triggered_by,T098,Punca Stres Anak Boleh Diatasi Dengan 5 Tip Ini - Hello Doktor
C065,triggered_by,T099,Punca Stres Anak Boleh Diatasi Dengan 5 Tip Ini - Hello Doktor
C065,triggered_by,T100,Punca Stres Anak Boleh Diatasi Dengan 5 Tip Ini - Hello Doktor
C065,triggered_by,T101,Punca Stres Anak Boleh Diatasi Dengan 5 Tip Ini - Hello Doktor
C065,triggered_by,T102,Punca Stres Anak Boleh Diatasi Dengan 5 Tip Ini - Hello Doktor
C065,triggered_by,T103,Punca Stres Anak Boleh Diatasi Dengan 5 Tip Ini - Hello Doktor
C065,triggered_by,T104,Punca Stres Anak Boleh Diatasi Dengan 5 Tip Ini - Hello Doktor
C065,triggered_by,T105,Punca Stres Anak Boleh Diatasi Dengan 5 Tip Ini - Hello Doktor
C065,triggered_by,T106,Punca Stres Anak Boleh Diatasi Dengan 5 Tip Ini - Hello Doktor
C065,triggered_by,T107,Punca Stres Anak Boleh Diatasi Dengan 5 Tip Ini - Hello Doktor
C065,triggered_by,T108,Punca Stres Anak Boleh Diatasi Dengan 5 Tip Ini - Hello Doktor
C065,triggered_by,T109,Punca Stres Anak Boleh Diatasi Dengan 5 Tip Ini - Hello Doktor
C065,triggered_by,T110,Punca Stres Anak Boleh Diatasi Dengan 5 Tip Ini - Hello Doktor
C065,triggered_by,T111,Punca Stres Anak Boleh Diatasi Dengan 5 Tip Ini - Hello Doktor
C065,triggered_by,T112,Punca Stres Anak Boleh Diatasi Dengan 5 Tip Ini - Hello Doktor
C065,triggered_by,T113,Punca Stres Anak Boleh Diatasi Dengan 5 Tip Ini - Hello Doktor
C071,related_to,C072,Meletakkan Pokok Atas Meja Kerja Bantu Emosi Dan Kurangkan Tekanan
C072,related_to,C071,Meletakkan Pokok Atas Meja Kerja Bantu Emosi Dan Kurangkan Tekanan
C074,triggered_by,T114,Kerja dan Stres – Punca dan Menanganinya - Hello Doktor
C074,triggered_by,T115,Kerja dan Stres – Punca dan Menanganinya - Hello Doktor
C074,triggered_by,T116,Kerja dan Stres – Punca dan Menanganinya - Hello Doktor
C074,triggered_by,T117,Kerja dan Stres – Punca dan Menanganinya - Hello Doktor
C074,triggered_by,T118,Kerja dan Stres – Punca dan Menanganinya - Hello Doktor
C074,triggered_by,T119,Kerja dan Stres – Punca dan Menanganinya - Hello Doktor
C074,triggered_by,T120,Kerja dan Stres – Punca dan Menanganinya - Hello Doktor
C074,triggered_by,T121,Kerja dan Stres – Punca dan Menanganinya - Hello Doktor
C074,triggered_by,T122,Kerja dan Stres – Punca dan Menanganinya - Hello Doktor
C074,triggered_by,T123,Kerja dan Stres – Punca dan Menanganinya - Hello Doktor
C074,triggered_by,T124,Kerja dan Stres – Punca dan Menanganinya - Hello Doktor
C074,triggered_by,T125,Kerja dan Stres – Punca dan Menanganinya - Hello Doktor
C074,triggered_by,T126,Kerja dan Stres – Punca dan Menanganinya - Hello Doktor
C074,triggered_by,T127,Kerja dan Stres – Punca dan Menanganinya - Hello Doktor
C074,triggered_by,T128,Kerja dan Stres – Punca dan Menanganinya - Hello Doktor
C074,triggered_by,T129,Kerja dan Stres – Punca dan Menanganinya - Hello Doktor
C074,triggered_by,T130,Kerja dan Stres – Punca dan Menanganinya - Hello Doktor
C074,triggered_by,T131,Kerja dan Stres – Punca dan Menanganinya - Hello Doktor
C074,triggered_by,T132,Kerja dan Stres – Punca dan Menanganinya - Hello Doktor
C074,triggered_by,T133,Kerja dan Stres – Punca dan Menanganinya - Hello Doktor
C074,triggered_by,T134,Kerja dan Stres – Punca dan Menanganinya - Hello Doktor
C074,triggered_by,T135,Kerja dan Stres – Punca dan Menanganinya - Hello Doktor
C074,triggered_by,T136,Kerja dan Stres – Punca dan Menanganinya - Hello Doktor
C074,triggered_by,T137,Kerja dan Stres – Punca dan Menanganinya - Hello Doktor
C074,triggered_by,T138,Kerja dan Stres – Punca dan Menanganinya - Hello Doktor
C074,triggered_by,T139,Kerja dan Stres – Punca dan Menanganinya - Hello Doktor
C074,triggered_by,T140,Kerja dan Stres – Punca dan Menanganinya - Hello Doktor
C074,triggered_by,T141,Kerja dan Stres – Punca dan Menanganinya - Hello Doktor
C074,triggered_by,T142,Kerja dan Stres – Punca dan Menanganinya - Hello Doktor
C074,triggered_by,T143,Kerja dan Stres – Punca dan Menanganinya - Hello Doktor
C074,triggered_by,T144,Kerja dan Stres – Punca dan Menanganinya - Hello Doktor
C074,triggered_by,T145,Kerja dan Stres – Punca dan Menanganinya - Hello Doktor
C074,triggered_by,T146,Kerja dan Stres – Punca dan Menanganinya - Hello Doktor
C074,triggered_by,T147,Kerja dan Stres – Punca dan Menanganinya - Hello Doktor
C074,triggered_by,T148,Kerja dan Stres – Punca dan Menanganinya - Hello Doktor
C074,triggered_by,T149,Kerja dan Stres – Punca dan Menanganinya - Hello Doktor
C074,triggered_by,T150,Kerja dan Stres – Punca dan Menanganinya - Hello Doktor
C074,triggered_by,T151,Kerja dan Stres – Punca dan Menanganinya - Hello Doktor
C074,triggered_by,T152,Kerja dan Stres – Punca dan Menanganinya - Hello Doktor
C074,triggered_by,T153,Kerja dan Stres – Punca dan Menanganinya - Hello Doktor
C074,triggered_by,T154,Kerja dan Stres – Punca dan Menanganinya - Hello Doktor
C074,triggered_by,T155,Kerja dan Stres – Punca dan Menanganinya - Hello Doktor
C074,triggered_by,T156,Kerja dan Stres – Punca dan Menanganinya - Hello Doktor
C074,triggered_by,T157,Kerja dan Stres – Punca dan Menanganinya - Hello Doktor
C074,triggered_by,T158,Kerja dan Stres – Punca dan Menanganinya - Hello Doktor
C076,treated_by,TRT201,"Tanaman Rumah Sebagai 1 Terapi, Benarkah? Ini Info Anda Patut Tahu"
C076,treated_by,TRT202,"Tanaman Rumah Sebagai 1 Terapi, Benarkah? Ini Info Anda Patut Tahu"
C076,treated_by,TRT203,"Tanaman Rumah Sebagai 1 Terapi, Benarkah? Ini Info Anda Patut Tahu"
C076,treated_by,TRT204,"Tanaman Rumah Sebagai 1 Terapi, Benarkah? Ini Info Anda Patut Tahu"
C076,treated_by,TRT205,"Tanaman Rumah Sebagai 1 Terapi, Benarkah? Ini Info Anda Patut Tahu"
C076,treated_by,TRT206,"Tanaman Rumah Sebagai 1 Terapi, Benarkah? Ini Info Anda Patut Tahu"
C076,treated_by,TRT207,"Tanaman Rumah Sebagai 1 Terapi, Benarkah? Ini Info Anda Patut Tahu"
C076,treated_by,TRT208,"Tanaman Rumah Sebagai 1 Terapi, Benarkah? Ini Info Anda Patut Tahu"
C076,treated_by,TRT209,"Tanaman Rumah Sebagai 1 Terapi, Benarkah? Ini Info Anda Patut Tahu"
C076,treated_by,TRT210,"Tanaman Rumah Sebagai 1 Terapi, Benarkah? Ini Info Anda Patut Tahu"
C076,treated_by,TRT211,"Tanaman Rumah Sebagai 1 Terapi, Benarkah? Ini Info Anda Patut Tahu"
C077,related_to,C078,"Ibu Baru: Peranan, Tekanan dan Cara Mengatasinya - Hello Doktor"
C078,related_to,C077,"Ibu Baru: Peranan, Tekanan dan Cara Mengatasinya - Hello Doktor"
C080,treated_by,TRT212,Manfaat Terapi Muzik Yang Mungkin Anda Tidak Ketahui - Hello Doktor
C080,treated_by,TRT213,Manfaat Terapi Muzik Yang Mungkin Anda Tidak Ketahui - Hello Doktor
C080,treated_by,TRT214,Manfaat Terapi Muzik Yang Mungkin Anda Tidak Ketahui - Hello Doktor
C080,treated_by,TRT215,Manfaat Terapi Muzik Yang Mungkin Anda Tidak Ketahui - Hello Doktor
C080,treated_by,TRT216,Manfaat Terapi Muzik Yang Mungkin Anda Tidak Ketahui - Hello Doktor
C080,treated_by,TRT217,Manfaat Terapi Muzik Yang Mungkin Anda Tidak Ketahui - Hello Doktor
C080,treated_by,TRT218,Manfaat Terapi Muzik Yang Mungkin Anda Tidak Ketahui - Hello Doktor
C080,treated_by,TRT219,Manfaat Terapi Muzik Yang Mungkin Anda Tidak Ketahui - Hello Doktor
C080,treated_by,TRT220,Manfaat Terapi Muzik Yang Mungkin Anda Tidak Ketahui - Hello Doktor
C080,treated_by,TRT221,Manfaat Terapi Muzik Yang Mungkin Anda Tidak Ketahui - Hello Doktor
C080,treated_by,TRT222,Manfaat Terapi Muzik Yang Mungkin Anda Tidak Ketahui - Hello Doktor
C080,treated_by,TRT223,Manfaat Terapi Muzik Yang Mungkin Anda Tidak Ketahui - Hello Doktor
C080,treated_by,TRT224,Manfaat Terapi Muzik Yang Mungkin Anda Tidak Ketahui - Hello Doktor
C080,treated_by,TRT225,Manfaat Terapi Muzik Yang Mungkin Anda Tidak Ketahui - Hello Doktor
C080,treated_by,TRT226,Manfaat Terapi Muzik Yang Mungkin Anda Tidak Ketahui - Hello Doktor
C080,treated_by,TRT227,Manfaat Terapi Muzik Yang Mungkin Anda Tidak Ketahui - Hello Doktor
C080,treated_by,TRT228,Manfaat Terapi Muzik Yang Mungkin Anda Tidak Ketahui - Hello Doktor
C080,treated_by,TRT229,Manfaat Terapi Muzik Yang Mungkin Anda Tidak Ketahui - Hello Doktor
C080,treated_by,TRT230,Manfaat Terapi Muzik Yang Mungkin Anda Tidak Ketahui - Hello Doktor
C080,treated_by,TRT231,Manfaat Terapi Muzik Yang Mungkin Anda Tidak Ketahui - Hello Doktor
C080,treated_by,TRT232,Manfaat Terapi Muzik Yang Mungkin Anda Tidak Ketahui - Hello Doktor
C080,treated_by,TRT233,Manfaat Terapi Muzik Yang Mungkin Anda Tidak Ketahui - Hello Doktor
C080,treated_by,TRT234,Manfaat Terapi Muzik Yang Mungkin Anda Tidak Ketahui - Hello Doktor
C080,treated_by,TRT235,Manfaat Terapi Muzik Yang Mungkin Anda Tidak Ketahui - Hello Doktor
C080,treated_by,TRT236,Manfaat Terapi Muzik Yang Mungkin Anda Tidak Ketahui - Hello Doktor
C080,treated_by,TRT237,Manfaat Terapi Muzik Yang Mungkin Anda Tidak Ketahui - Hello Doktor
C080,treated_by,TRT238,Manfaat Terapi Muzik Yang Mungkin Anda Tidak Ketahui - Hello Doktor
C080,treated_by,TRT239,Manfaat Terapi Muzik Yang Mungkin Anda Tidak Ketahui - Hello Doktor
C080,treated_by,TRT240,Manfaat Terapi Muzik Yang Mungkin Anda Tidak Ketahui - Hello Doktor
C080,treated_by,TRT241,Manfaat Terapi Muzik Yang Mungkin Anda Tidak Ketahui - Hello Doktor
C080,treated_by,TRT242,Manfaat Terapi Muzik Yang Mungkin Anda Tidak Ketahui - Hello Doktor
C080,treated_by,TRT243,Manfaat Terapi Muzik Yang Mungkin Anda Tidak Ketahui - Hello Doktor
C080,treated_by,TRT244,Manfaat Terapi Muzik Yang Mungkin Anda Tidak Ketahui - Hello Doktor
C080,treated_by,TRT245,Manfaat Terapi Muzik Yang Mungkin Anda Tidak Ketahui - Hello Doktor
C080,treated_by,TRT246,Manfaat Terapi Muzik Yang Mungkin Anda Tidak Ketahui - Hello Doktor
C083,triggered_by,T159,Fikiran Kosong: Apakah Puncanya? - Hello Doktor
C083,triggered_by,T160,Fikiran Kosong: Apakah Puncanya? - Hello Doktor
C083,triggered_by,T161,Fikiran Kosong: Apakah Puncanya? - Hello Doktor
C083,triggered_by,T162,Fikiran Kosong: Apakah Puncanya? - Hello Doktor
C083,triggered_by,T163,Fikiran Kosong: Apakah Puncanya? - Hello Doktor
C083,triggered_by,T164,Fikiran Kosong: Apakah Puncanya? - Hello Doktor
C083,triggered_by,T165,Fikiran Kosong: Apakah Puncanya? - Hello Doktor
C083,triggered_by,T166,Fikiran Kosong: Apakah Puncanya? - Hello Doktor
C083,triggered_by,T167,Fikiran Kosong: Apakah Puncanya? - Hello Doktor
C083,triggered_by,T168,Fikiran Kosong: Apakah Puncanya? - Hello Doktor
C083,triggered_by,T169,Fikiran Kosong: Apakah Puncanya? - Hello Doktor
C083,triggered_by,T170,Fikiran Kosong: Apakah Puncanya? - Hello Doktor
C083,triggered_by,T171,Fikiran Kosong: Apakah Puncanya? - Hello Doktor
C083,triggered_by,T172,Fikiran Kosong: Apakah Puncanya? - Hello Doktor
C083,triggered_by,T173,Fikiran Kosong: Apakah Puncanya? - Hello Doktor
C083,triggered_by,T174,Fikiran Kosong: Apakah Puncanya? - Hello Doktor
C083,triggered_by,T175,Fikiran Kosong: Apakah Puncanya? - Hello Doktor
C083,triggered_by,T176,Fikiran Kosong: Apakah Puncanya? - Hello Doktor
C083,triggered_by,T177,Fikiran Kosong: Apakah Puncanya? - Hello Doktor
C083,triggered_by,T178,Fikiran Kosong: Apakah Puncanya? - Hello Doktor
C083,triggered_by,T179,Fikiran Kosong: Apakah Puncanya? - Hello Doktor
C083,triggered_by,T180,Fikiran Kosong: Apakah Puncanya? - Hello Doktor
C083,triggered_by,T181,Fikiran Kosong: Apakah Puncanya? - Hello Doktor
C083,triggered_by,T182,Fikiran Kosong: Apakah Puncanya? - Hello Doktor
C083,triggered_by,T183,Fikiran Kosong: Apakah Puncanya? - Hello Doktor
C083,triggered_by,T184,Fikiran Kosong: Apakah Puncanya? - Hello Doktor
C083,triggered_by,T185,Fikiran Kosong: Apakah Puncanya? - Hello Doktor
C083,triggered_by,T186,Fikiran Kosong: Apakah Puncanya? - Hello Doktor
C083,triggered_by,T187,Fikiran Kosong: Apakah Puncanya? - Hello Doktor
C083,triggered_by,T188,Fikiran Kosong: Apakah Puncanya? - Hello Doktor
C083,triggered_by,T189,Fikiran Kosong: Apakah Puncanya? - Hello Doktor
C083,triggered_by,T190,Fikiran Kosong: Apakah Puncanya? - Hello Doktor
C083,triggered_by,T191,Fikiran Kosong: Apakah Puncanya? - Hello Doktor
C083,triggered_by,T192,Fikiran Kosong: Apakah Puncanya? - Hello Doktor
C083,triggered_by,T193,Fikiran Kosong: Apakah Puncanya? - Hello Doktor
C083,triggered_by,T194,Fikiran Kosong: Apakah Puncanya? - Hello Doktor
C083,triggered_by,T195,Fikiran Kosong: Apakah Puncanya? - Hello Doktor
C083,triggered_by,T196,Fikiran Kosong: Apakah Puncanya? - Hello Doktor
C083,triggered_by,T197,Fikiran Kosong: Apakah Puncanya? - Hello Doktor
C083,triggered_by,T198,Fikiran Kosong: Apakah Puncanya? - Hello Doktor
C083,triggered_by,T177,Fikiran Kosong: Apakah Puncanya? - Hello Doktor
C083,triggered_by,T199,Fikiran Kosong: Apakah Puncanya? - Hello Doktor
C083,triggered_by,T200,Fikiran Kosong: Apakah Puncanya? - Hello Doktor
C083,triggered_by,T201,Fikiran Kosong: Apakah Puncanya? - Hello Doktor
C083,triggered_by,T202,Fikiran Kosong: Apakah Puncanya? - Hello Doktor
C083,triggered_by,T203,Fikiran Kosong: Apakah Puncanya? - Hello Doktor
C083,triggered_by,T204,Fikiran Kosong: Apakah Puncanya? - Hello Doktor
C083,triggered_by,T205,Fikiran Kosong: Apakah Puncanya? - Hello Doktor
C083,triggered_by,T206,Fikiran Kosong: Apakah Puncanya? - Hello Doktor
C083,triggered_by,T207,Fikiran Kosong: Apakah Puncanya? - Hello Doktor
C097,related_to,C098,Gangguan kurang daya tumpuan dan hiperaktif
C098,related_to,C097,Gangguan kurang daya tumpuan dan hiperaktif
C106,has_symptom,S158,Gangguan gejala somatik
C106,has_symptom,S159,Gangguan gejala somatik
C106,has_symptom,S160,Gangguan gejala somatik
